"Gebiet";"Jahr";"Monat";"Arbeitslose";"Arbeitslosenquote aller zivilen Erwerbspersonen";"Arbeitslosenquote d. Abhaengigen ziv. Erwerbspers.";"Gemeldete Stellen";"Kurzarbeiter";"Kurzarbeitende Betriebe"
"Insgesamt";"2005";"January";5086847;12,3;13,6;190840;148399;12496
"Insgesamt";"2005";"February";5288245;12,7;14,1;208619;167993;14872
"Insgesamt";"2005";"March";5266085;12,7;14,1;226527;173776;15798
"Insgesamt";"2005";"April";5052429;12,2;13,5;241425;158872;13941
"Insgesamt";"2005";"May";4884238;11,8;13,1;257815;141953;12166
"Insgesamt";"2005";"June";4780624;11,5;12,8;266694;136701;11295
"Insgesamt";"2005";"July";4836693;11,7;13;283267;108564;9783
"Insgesamt";"2005";"August";4797562;11,6;12,9;287425;89446;8477
"Insgesamt";"2005";"September";4646505;11,2;12,5;292291;96188;8531
"Insgesamt";"2005";"October";4555075;11;12,2;287157;102419;8369
"Insgesamt";"2005";"November";4531416;10,9;12,2;271912;98021;8371
"Insgesamt";"2005";"December";4605189;11,1;12,4;255127;83732;7878
"Insgesamt";"2006";"January";5010490;12,1;13,5;259875;96113;9223
"Insgesamt";"2006";"February";5047480;12,2;13,6;284718;100742;10089
"Insgesamt";"2006";"March";4977588;12;13,4;305127;104829;10101
"Insgesamt";"2006";"April";4790661;11,5;12,9;326840;83259;8320
"Insgesamt";"2006";"May";4538328;10,9;12,2;353479;72048;6672
"Insgesamt";"2006";"June";4398773;10,5;11,8;369046;61528;5838
"Insgesamt";"2006";"July";4386260;10,5;11,8;392028;53932;5024
"Insgesamt";"2006";"August";4371951;10,5;11,7;398949;47935;4484
"Insgesamt";"2006";"September";4237806;10,1;11,4;401790;45979;4297
"Insgesamt";"2006";"October";4084463;9,8;10,9;397949;38833;3713
"Insgesamt";"2006";"November";3995743;9,6;10,7;387971;35519;3630
"Insgesamt";"2006";"December";4008111;9,6;10,7;374269;63049;7534
"Insgesamt";"2007";"January";4262175;10,2;11,4;374115;126257;15333
"Insgesamt";"2007";"February";4225972;10,1;11,3;409468;148436;18453
"Insgesamt";"2007";"March";4104788;9,8;11;429500;143945;18470
"Insgesamt";"2007";"April";3958211;9,5;10,6;439897;51024;5610
"Insgesamt";"2007";"May";3795938;9,1;10,1;445396;48308;5198
"Insgesamt";"2007";"June";3672926;8,8;9,8;453724;46257;4950
"Insgesamt";"2007";"July";3701000;8,8;9,9;455324;39345;4530
"Insgesamt";"2007";"August";3691890;8,8;9,9;450146;32342;3998
"Insgesamt";"2007";"September";3530642;8,4;9,4;436399;33658;3900
"Insgesamt";"2007";"October";3421392;8,2;9,1;420564;35787;3965
"Insgesamt";"2007";"November";3366876;8;9;397567;36660;4240
"Insgesamt";"2007";"December";3395221;8,1;9,1;369079;77782;11362
"Insgesamt";"2008";"January";3647905;8,7;9,7;351610;137759;19056
"Insgesamt";"2008";"February";3606079;8,6;9,6;376465;161090;22020
"Insgesamt";"2008";"March";3496864;8,3;9,3;392657;155523;21270
"Insgesamt";"2008";"April";3403667;8,1;9,1;395069;59066;6387
"Insgesamt";"2008";"May";3274026;7,8;8,8;398188;50973;5383
"Insgesamt";"2008";"June";3151679;7,5;8,4;417953;50411;5110
"Insgesamt";"2008";"July";3201841;7,6;8,6;422535;42694;4629
"Insgesamt";"2008";"August";3187764;7,6;8,5;417052;39416;4044
"Insgesamt";"2008";"September";3073268;7,3;8,2;409264;49965;4212
"Insgesamt";"2008";"October";2989231;7,1;8;392934;70983;4604
"Insgesamt";"2008";"November";2980969;7,1;8;367219;130133;6592
"Insgesamt";"2008";"December";3094150;7,4;8,3;327594;270472;17315
"Insgesamt";"2009";"January";3480171;8,3;9,3;301715;593597;31368
"Insgesamt";"2009";"February";3542602;8,5;9,5;317677;1079068;44526
"Insgesamt";"2009";"March";3576362;8,5;9,6;317273;1324877;56215
"Insgesamt";"2009";"April";3575257;8,5;9,6;305622;1446417;50627
"Insgesamt";"2009";"May";3449223;8,2;9,2;298793;1468809;56932
"Insgesamt";"2009";"June";3402047;8,1;9,1;297143;1393655;61149
"Insgesamt";"2009";"July";3454498;8,2;9,2;297881;1247843;62212
"Insgesamt";"2009";"August";3463439;8,2;9,2;300159;1054846;59234
"Insgesamt";"2009";"September";3338882;7,9;8,9;301942;1104061;60842
"Insgesamt";"2009";"October";3221207;7,7;8,6;297630;1109091;60704
"Insgesamt";"2009";"November";3208044;7,6;8,6;290595;981782;60748
"Insgesamt";"2009";"December";3268167;7,8;8,7;281258;928843;66681
"Insgesamt";"2010";"January";3610046;8,6;9,6;271401;1056942;78267
"Insgesamt";"2010";"February";3635346;8,6;9,7;297979;1030831;83598
"Insgesamt";"2010";"March";3560493;8,5;9,5;320129;874346;77418
"Insgesamt";"2010";"April";3400163;8,1;9,1;335163;632008;54027
"Insgesamt";"2010";"May";3236363;7,7;8,6;355702;498934;48596
"Insgesamt";"2010";"June";3148611;7,5;8,4;370430;419515;44354
"Insgesamt";"2010";"July";3186929;7,6;8,5;391101;313087;38444
"Insgesamt";"2010";"August";3183217;7,6;8,5;396705;243736;33968
"Insgesamt";"2010";"September";3026830;7,2;8;397972;237342;32271
"Insgesamt";"2010";"October";2941020;7;7,8;400937;231299;30306
"Insgesamt";"2010";"November";2926971;6,9;7,8;394514;215044;29204
"Insgesamt";"2010";"December";3011586;7,1;8;380139;279249;39003
"Insgesamt";"2011";"January";3345974;7,9;8,9;375022;321589;42123
"Insgesamt";"2011";"February";3313207;7,9;8,8;417512;305430;41682
"Insgesamt";"2011";"March";3211229;7,6;8,5;442332;245803;35261
"Insgesamt";"2011";"April";3078569;7,3;8,2;461129;133166;18810
"Insgesamt";"2011";"May";2960620;7;7,8;470092;121548;16016
"Insgesamt";"2011";"June";2893990;6,9;7,7;479527;109754;13476
"Insgesamt";"2011";"July";2939945;7;7,8;492290;80830;10974
"Insgesamt";"2011";"August";2945545;7;7,8;497139;71281;9252
"Insgesamt";"2011";"September";2796310;6,6;7,4;501572;75963;8752
"Insgesamt";"2011";"October";2737666;6,5;7,3;499845;80590;8169
"Insgesamt";"2011";"November";2713813;6,4;7,2;491950;85124;8273
"Insgesamt";"2011";"December";2780984;6,6;7,4;467052;263556;30379
"Insgesamt";"2012";"January";3084711;7,3;8,2;451919;396562;42473
"Insgesamt";"2012";"February";3110442;7,4;8,2;473176;490926;51797
"Insgesamt";"2012";"March";3028414;7,2;8;490904;220720;27560
"Insgesamt";"2012";"April";2963570;7;7,9;499001;82537;6271
"Insgesamt";"2012";"May";2855270;6,7;7,5;499217;77077;5418
"Insgesamt";"2012";"June";2809107;6,6;7,4;499167;70529;5020
"Insgesamt";"2012";"July";2875971;6,8;7,5;499847;53995;4408
"Insgesamt";"2012";"August";2905113;6,8;7,6;493380;47141;3846
"Insgesamt";"2012";"September";2788249;6,5;7,3;484507;65796;4070
"Insgesamt";"2012";"October";2753361;6,5;7,2;468074;84662;4484
"Insgesamt";"2012";"November";2751485;6,5;7,2;450605;97845;5167
"Insgesamt";"2012";"December";2839824;6,7;7,5;420537;358556;33974
"Insgesamt";"2013";"January";3138232;7,4;8,2;420012;486880;49160
"Insgesamt";"2013";"February";3156246;7,4;8,3;448442;495354;51665
"Insgesamt";"2013";"March";3097817;7,3;8,1;462660;430116;49906
"Insgesamt";"2013";"April";3020275;7,1;7,9;460197;113342;8042
"Insgesamt";"2013";"May";2936915;6,8;7,6;457010;86447;6611
"Insgesamt";"2013";"June";2864666;6,6;7,4;458732;98672;8105
"Insgesamt";"2013";"July";2914096;6,8;7,6;468686;81001;6368
"Insgesamt";"2013";"August";2945710;6,8;7,6;470938;60167;5284
"Insgesamt";"2013";"September";2848950;6,6;7,4;472550;69565;5220
"Insgesamt";"2013";"October";2801191;6,5;7,3;466033;82594;5203
"Insgesamt";"2013";"November";2806146;6,5;7,3;457996;80161;5412
"Insgesamt";"2013";"December";2873806;6,7;7,5;440443;205840;21620
"Insgesamt";"2014";"January";3135802;7,3;8,1;425198;353525;36215
"Insgesamt";"2014";"February";3137867;7,3;8,1;456229;354593;35350
"Insgesamt";"2014";"March";3054722;7,1;7,9;475714;202319;24975
"Insgesamt";"2014";"April";2943335;6,8;7,6;485334;77190;5673
"Insgesamt";"2014";"May";2882029;6,6;7,4;481436;72090;5308
"Insgesamt";"2014";"June";2832780;6,5;7,3;494628;66211;4730
"Insgesamt";"2014";"July";2871351;6,6;7,4;501968;53731;4343
"Insgesamt";"2014";"August";2901823;6,7;7,5;515092;44366;3666
"Insgesamt";"2014";"September";2807806;6,5;7,2;518317;50648;3915
"Insgesamt";"2014";"October";2732769;6,3;7;517432;61119;4159
"Insgesamt";"2014";"November";2716852;6,3;7;514599;63391;4490
"Insgesamt";"2014";"December";2763521;6,4;7,1;497768;204062;25511
"Insgesamt";"2015";"January";3031604;7;7,8;485172;326560;40436
"Insgesamt";"2015";"February";3017003;6,9;7,8;518890;351530;43925
"Insgesamt";"2015";"March";2931505;6,8;7,6;542049;251213;33424
"Insgesamt";"2015";"April";2842844;6,5;7,3;551595;66744;4866
"Insgesamt";"2015";"May";2761696;6,3;7;556784;57367;4359
"Insgesamt";"2015";"June";2711187;6,2;6,9;572200;58710;4281
"Insgesamt";"2015";"July";2772642;6,3;7;588677;48825;3819
"Insgesamt";"2015";"August";2795597;6,4;7,1;596542;39833;3240
"Insgesamt";"2015";"September";2708043;6,2;6,9;599573;51484;3492
"Insgesamt";"2015";"October";2649277;6;6,7;612236;60536;3714
"Insgesamt";"2015";"November";2633157;6;6,7;610285;65634;4141
"Insgesamt";"2015";"December";2681415;6,1;6,8;590913;177060;22242
"Insgesamt";"2016";"January";2920421;6,7;7,4;580844;342648;43720
"Insgesamt";"2016";"February";2911165;6,6;7,4;613885;342967;43056
"Insgesamt";"2016";"March";2844891;6,5;7,2;634516;251670;34011
"Insgesamt";"2016";"April";2743864;6,3;7;640131;66726;4404
"Insgesamt";"2016";"May";2664014;6;6,7;654788;56664;3908
"Insgesamt";"2016";"June";2614217;5,9;6,6;664872;53933;3861
"Insgesamt";"2016";"July";2661042;6;6,7;673889;42549;3270
"Insgesamt";"2016";"August";2684289;6,1;6,7;685238;49723;3023
"Insgesamt";"2016";"September";2607607;5,9;6,6;686797;46407;3128
"Insgesamt";"2016";"October";2539939;5,8;6,4;691372;50354;3125
"Insgesamt";"2016";"November";2531975;5,7;6,4;681113;51865;3437
"Insgesamt";"2016";"December";2568273;5,8;6,5;658435;178230;25432
"Insgesamt";"2017";"January";2777387;6,3;7;646991;"...";"..."
"Insgesamt";"2017";"February";2762095;6,3;6,9;674661;"...";"..."
"Insgesamt";"2017";"March";2662111;6;6,7;691924;"...";"..."
"Insgesamt";"2017";"April";2568612;5,8;6,5;705949;"...";"..."
"Insgesamt";"2017";"May";2497718;5,6;6,2;714398;"...";"..."
"Insgesamt";"2017";"June";2472642;5,5;6,1;730802;"...";"..."
"Insgesamt";"2017";"July";2517645;5,6;6,3;750346;"...";"..."
"Insgesamt";"2017";"August";"...";"...";"...";"...";"...";"..."
"Insgesamt";"2017";"September";"...";"...";"...";"...";"...";"..."
"Insgesamt";"2017";"October";"...";"...";"...";"...";"...";"..."
"Insgesamt";"2017";"November";"...";"...";"...";"...";"...";"..."
"Insgesamt";"2017";"December";"...";"...";"...";"...";"...";"..."
"Alte Bundesländer";"2005";"January";3309739;10,1;11,2;163182;118233;9557
"Alte Bundesländer";"2005";"February";3486369;10,6;11,8;178321;132975;11244
"Alte Bundesländer";"2005";"March";3477397;10,6;11,8;192575;137372;11974
"Alte Bundesländer";"2005";"April";3339260;10,2;11,3;204597;127626;10626
"Alte Bundesländer";"2005";"May";3241724;9,9;11;216040;113051;9212
"Alte Bundesländer";"2005";"June";3188333;9,7;10,8;227709;110133;8684
"Alte Bundesländer";"2005";"July";3239987;9,9;11;243363;87172;7493
"Alte Bundesländer";"2005";"August";3237872;9,8;11;247485;69362;6409
"Alte Bundesländer";"2005";"September";3140502;9,5;10,7;250256;77252;6608
"Alte Bundesländer";"2005";"October";3098607;9,4;10,5;246393;85597;6604
"Alte Bundesländer";"2005";"November";3081363;9,4;10,5;233180;81311;6676
"Alte Bundesländer";"2005";"December";3119909;9,5;10,6;220782;69629;6301
"Alte Bundesländer";"2006";"January";3370396;10,2;11,4;197678;79009;7237
"Alte Bundesländer";"2006";"February";3370396;10,2;11,5;214439;81499;7843
"Alte Bundesländer";"2006";"March";3318130;10,1;11,3;227903;83083;7725
"Alte Bundesländer";"2006";"April";3048590;9,7;10,9;243538;66620;6332
"Alte Bundesländer";"2006";"May";3048590;9,2;10,3;267383;58418;5140
"Alte Bundesländer";"2006";"June";2966420;8,9;10;286943;50111;4527
"Alte Bundesländer";"2006";"July";2960465;8,9;10;299658;42939;3877
"Alte Bundesländer";"2006";"August";2941351;8,8;9,9;302481;38484;3474
"Alte Bundesländer";"2006";"September";2835352;8,5;9,6;302307;37542;3436
"Alte Bundesländer";"2006";"October";2738345;8,2;9,2;297843;32278;3012
"Alte Bundesländer";"2006";"November";2672549;8;9;288783;29596;2955
"Alte Bundesländer";"2006";"December";2670414;8;9;279790;49503;5715
"Alte Bundesländer";"2007";"January";2815685;8,5;9,5;277962;92920;10963
"Alte Bundesländer";"2007";"February";2784410;8,4;9,4;307359;107643;13126
"Alte Bundesländer";"2007";"March";2696028;8,1;9,1;323992;104197;13161
"Alte Bundesländer";"2007";"April";2599610;7,8;8,8;337218;41016;4364
"Alte Bundesländer";"2007";"May";2492801;7,5;8,4;345155;38569;4077
"Alte Bundesländer";"2007";"June";2418169;7,3;8,1;353440;36454;3845
"Alte Bundesländer";"2007";"July";2440914;7,3;8,2;358733;31270;3514
"Alte Bundesländer";"2007";"August";2435052;7,3;8,2;354264;25439;3097
"Alte Bundesländer";"2007";"September";2326351;7;7,8;343746;27454;3116
"Alte Bundesländer";"2007";"October";2256910;6,8;7,6;331322;29756;3218
"Alte Bundesländer";"2007";"November";2217030;6,6;7,5;312845;30154;3463
"Alte Bundesländer";"2007";"December";2223380;6,7;7,5;293644;57957;8381
"Alte Bundesländer";"2008";"January";2375607;7,1;8;280211;100895;13775
"Alte Bundesländer";"2008";"February";2340140;7;7,9;300419;118958;15970
"Alte Bundesländer";"2008";"March";2264821;6,8;7,6;314022;113564;15347
"Alte Bundesländer";"2008";"April";2209536;6,6;7,4;317224;46727;4946
"Alte Bundesländer";"2008";"May";2133943;6,4;7,2;323418;40544;4181
"Alte Bundesländer";"2008";"June";2068067;6,2;7;340918;40439;3975
"Alte Bundesländer";"2008";"July";2114711;6,3;7,1;347284;34780;3605
"Alte Bundesländer";"2008";"August";2103582;6,3;7,1;343255;32506;3117
"Alte Bundesländer";"2008";"September";2036589;6,1;6,9;335943;42043;3360
"Alte Bundesländer";"2008";"October";1984671;6;6,7;321944;58921;3711
"Alte Bundesländer";"2008";"November";1980123;5,9;6,7;299218;109947;5425
"Alte Bundesländer";"2008";"December";2053550;6,2;6,9;264853;222690;13080
"Alte Bundesländer";"2009";"January";2300641;6,9;7,7;243239;483482;22715
"Alte Bundesländer";"2009";"February";2341448;7;7,9;253609;917041;32767
"Alte Bundesländer";"2009";"March";2372359;7,1;8;251032;1138844;42490
"Alte Bundesländer";"2009";"April";2392796;7,2;8;240428;1274232;40155
"Alte Bundesländer";"2009";"May";2327619;6,9;7,8;235129;1294626;45681
"Alte Bundesländer";"2009";"June";2312797;6,9;7,7;234950;1222835;48949
"Alte Bundesländer";"2009";"July";2362529;7;7,9;237085;1093531;50025
"Alte Bundesländer";"2009";"August";2383497;7,1;8;239788;906129;47233
"Alte Bundesländer";"2009";"September";2300928;6,8;7,7;240777;962210;48891
"Alte Bundesländer";"2009";"October";2223279;6,6;7,4;237804;969167;48819
"Alte Bundesländer";"2009";"November";2210145;6,6;7,4;231971;856325;48610
"Alte Bundesländer";"2009";"December";2242539;6,7;7,5;224734;792787;52045
"Alte Bundesländer";"2010";"January";2463708;7,3;8,2;217631;879674;58759
"Alte Bundesländer";"2010";"February";2475681;7,4;8,3;238553;847628;62176
"Alte Bundesländer";"2010";"March";2422090;7,2;8,1;254627;714343;57255
"Alte Bundesländer";"2010";"April";2324487;6,9;7,8;267025;531197;41010
"Alte Bundesländer";"2010";"May";2219959;6,6;7,4;285739;415957;36970
"Alte Bundesländer";"2010";"June";2172077;6,4;7,2;299345;348411;33823
"Alte Bundesländer";"2010";"July";2205026;6,5;7,3;318483;257327;29288
"Alte Bundesländer";"2010";"August";2214901;6,6;7,4;324875;194766;25332
"Alte Bundesländer";"2010";"September";2100297;6,2;7;325426;192121;24198
"Alte Bundesländer";"2010";"October";2040144;6,1;6,8;328413;189419;22868
"Alte Bundesländer";"2010";"November";2026386;6;6,7;322366;172370;21829
"Alte Bundesländer";"2010";"December";2064921;6,1;6,9;312206;209087;28110
"Alte Bundesländer";"2011";"January";2271197;6,7;7,6;306503;234172;29456
"Alte Bundesländer";"2011";"February";2238260;6,6;7,4;338933;221935;29105
"Alte Bundesländer";"2011";"March";2168053;6,4;7,2;359060;177104;24221
"Alte Bundesländer";"2011";"April";2085848;6,2;6,9;376654;101766;13271
"Alte Bundesländer";"2011";"May";2011946;6;6,7;386261;94284;11448
"Alte Bundesländer";"2011";"June";1972154;5,8;6,5;394278;86013;9703
"Alte Bundesländer";"2011";"July";2010589;6;6,7;404877;62241;7937
"Alte Bundesländer";"2011";"August";2025166;6;6,7;408141;56245;6615
"Alte Bundesländer";"2011";"September";1918956;5,7;6,4;412232;59294;6356
"Alte Bundesländer";"2011";"October";1876991;5,6;6,2;410983;63751;6027
"Alte Bundesländer";"2011";"November";1851648;5,5;6,1;403312;65660;6104
"Alte Bundesländer";"2011";"December";1887733;5,6;6,2;383586;213588;24490
"Alte Bundesländer";"2012";"January";2085371;6,2;6,9;370314;304965;32333
"Alte Bundesländer";"2012";"February";2104486;6,2;7;386380;380958;39474
"Alte Bundesländer";"2012";"March";2051525;6,1;6,8;400073;153152;19027
"Alte Bundesländer";"2012";"April";2024046;6;6,7;405386;62376;4587
"Alte Bundesländer";"2012";"May";1964143;5,7;6,4;406627;61002;4053
"Alte Bundesländer";"2012";"June";1946160;5,7;6,4;407499;56710;3805
"Alte Bundesländer";"2012";"July";2005823;5,9;6,6;408351;41400;3345
"Alte Bundesländer";"2012";"August";2035922;6;6,7;403407;35651;2916
"Alte Bundesländer";"2012";"September";1952769;5,7;6,4;395798;52087;3172
"Alte Bundesländer";"2012";"October";1929309;5,6;6,3;382711;67477;3565
"Alte Bundesländer";"2012";"November";1925595;5,6;6,3;365443;78309;4142
"Alte Bundesländer";"2012";"December";1973863;5,8;6,5;341052;269926;26526
"Alte Bundesländer";"2013";"January";2171625;6,4;7,1;340418;362257;38063
"Alte Bundesländer";"2013";"February";2188493;6,4;7,2;362843;381592;39849
"Alte Bundesländer";"2013";"March";2150573;6,3;7;373579;316181;37603
"Alte Bundesländer";"2013";"April";2107788;6,2;6,9;371271;88193;5964
"Alte Bundesländer";"2013";"May";2067669;6;6,7;369554;66556;5141
"Alte Bundesländer";"2013";"June";2028687;5,8;6,5;371102;70721;5124
"Alte Bundesländer";"2013";"July";2076392;6;6,7;379010;63240;4581
"Alte Bundesländer";"2013";"August";2106940;6,1;6,8;380383;44340;3825
"Alte Bundesländer";"2013";"September";2037342;5,9;6,6;381601;53789;4018
"Alte Bundesländer";"2013";"October";1998296;5,8;6,4;374888;65416;4127
"Alte Bundesländer";"2013";"November";1996023;5,8;6,4;368836;66143;4371
"Alte Bundesländer";"2013";"December";2034278;5,9;6,6;354724;161782;16748
"Alte Bundesländer";"2014";"January";2207374;6,4;7,1;341687;269055;26603
"Alte Bundesländer";"2014";"February";2210161;6,4;7,1;365683;250238;26116
"Alte Bundesländer";"2014";"March";2159544;6,2;7;379118;152436;18177
"Alte Bundesländer";"2014";"April";2093679;6;6,8;387885;62785;4487
"Alte Bundesländer";"2014";"May";2061023;5,9;6,6;385120;59279;4290
"Alte Bundesländer";"2014";"June";2034034;5,8;6,5;395696;55263;3838
"Alte Bundesländer";"2014";"July";2075576;5,9;6,6;402792;44771;3538
"Alte Bundesländer";"2014";"August";2104801;6;6,7;414437;36016;2934
"Alte Bundesländer";"2014";"September";2037178;5,8;6,5;417783;42195;3197
"Alte Bundesländer";"2014";"October";1974399;5,6;6,3;418144;52115;3452
"Alte Bundesländer";"2014";"November";1956799;5,6;6,3;414447;53964;3736
"Alte Bundesländer";"2014";"December";1980073;5,7;6,3;400509;163215;20176
"Alte Bundesländer";"2015";"January";2160458;6,2;6,9;389074;256231;31381
"Alte Bundesländer";"2015";"February";2152973;6,2;6,9;415817;274453;34147
"Alte Bundesländer";"2015";"March";2097264;6;6,7;434250;191623;25112
"Alte Bundesländer";"2015";"April";2043887;5,8;6,5;443471;55344;3818
"Alte Bundesländer";"2015";"May";1995124;5,6;6,3;448122;48190;3468
"Alte Bundesländer";"2015";"June";1968758;5,6;6,2;461060;48866;3424
"Alte Bundesländer";"2015";"July";2018515;5,7;6,3;475007;41424;3074
"Alte Bundesländer";"2015";"August";2042054;5,8;6,4;480997;33972;2620
"Alte Bundesländer";"2015";"September";1978579;5,6;6,2;482959;42815;2902
"Alte Bundesländer";"2015";"October";1929878;5,5;6,1;490802;50359;3088
"Alte Bundesländer";"2015";"November";1915746;5,4;6;489717;55506;3450
"Alte Bundesländer";"2015";"December";1942796;5,5;6,1;473803;141626;17608
"Alte Bundesländer";"2016";"January";2111455;6;6,6;464014;263685;33595
"Alte Bundesländer";"2016";"February";2107446;6;6,6;490118;268129;33467
"Alte Bundesländer";"2016";"March";2065274;5,8;6,5;506350;192703;26011
"Alte Bundesländer";"2016";"April";2004138;5,7;6,3;511159;54884;3533
"Alte Bundesländer";"2016";"May";1954865;5,5;6,1;525057;45920;3211
"Alte Bundesländer";"2016";"June";1927757;5,4;6;533630;44283;3225
"Alte Bundesländer";"2016";"July";1970547;5,5;6,1;543080;36460;2762
"Alte Bundesländer";"2016";"August";1997640;5,6;6,2;551444;40090;2497
"Alte Bundesländer";"2016";"September";1942075;5,4;6;553516;37268;2630
"Alte Bundesländer";"2016";"October";1888409;5,3;5,9;558301;41008;2653
"Alte Bundesländer";"2016";"November";1877448;5,3;5,8;549756;42296;2911
"Alte Bundesländer";"2016";"December";1897010;5,3;5,9;528884;139035;19775
"Alte Bundesländer";"2017";"January";2047733;5,7;6,3;519159;"...";"..."
"Alte Bundesländer";"2017";"February";2039396;5,7;6,3;540830;"...";"..."
"Alte Bundesländer";"2017";"March";1974085;5,5;6,1;554882;"...";"..."
"Alte Bundesländer";"2017";"April";1916627;5,4;5,9;567397;"...";"..."
"Alte Bundesländer";"2017";"May";1871094;5,2;5,7;575544;"...";"..."
"Alte Bundesländer";"2017";"June";1857130;5,1;5,7;590130;"...";"..."
"Alte Bundesländer";"2017";"July";1897033;5,2;5,8;607282;"...";"..."
"Alte Bundesländer";"2017";"August";"...";"...";"...";"...";"...";"..."
"Alte Bundesländer";"2017";"September";"...";"...";"...";"...";"...";"..."
"Alte Bundesländer";"2017";"October";"...";"...";"...";"...";"...";"..."
"Alte Bundesländer";"2017";"November";"...";"...";"...";"...";"...";"..."
"Alte Bundesländer";"2017";"December";"...";"...";"...";"...";"...";"..."
"Neue Bundesländer";"2005";"January";1777108;20,5;22,4;27658;30166;2939
"Neue Bundesländer";"2005";"February";1801876;20,8;22,8;30298;35018;3628
"Neue Bundesländer";"2005";"March";1788688;20,7;22,6;33952;36404;3824
"Neue Bundesländer";"2005";"April";1713169;19,8;21,6;36828;31246;3315
"Neue Bundesländer";"2005";"May";1642514;19;20,7;41775;28902;2954
"Neue Bundesländer";"2005";"June";1592291;18,5;20,4;38985;26568;2611
"Neue Bundesländer";"2005";"July";1596706;18,6;20,4;39904;21392;2290
"Neue Bundesländer";"2005";"August";1559690;18,1;20;39940;20084;2068
"Neue Bundesländer";"2005";"September";1506003;17,5;19,3;42035;18936;1923
"Neue Bundesländer";"2005";"October";1456468;16,9;18,7;40764;16822;1765
"Neue Bundesländer";"2005";"November";1450053;16,9;18,6;38732;16710;1695
"Neue Bundesländer";"2005";"December";1485280;17,3;19;34345;14103;1577
"Neue Bundesländer";"2006";"January";1648181;19,2;21,1;34983;17104;1986
"Neue Bundesländer";"2006";"February";1677084;19,5;21,5;40331;19243;2246
"Neue Bundesländer";"2006";"March";1659458;19,3;21,3;45696;21746;2376
"Neue Bundesländer";"2006";"April";1589082;18,5;20,3;50687;16639;1988
"Neue Bundesländer";"2006";"May";1489738;17,4;19,4;55286;13630;1532
"Neue Bundesländer";"2006";"June";1432353;16,8;18,7;60907;11417;1311
"Neue Bundesländer";"2006";"July";1425795;16,7;18,6;59272;10993;1147
"Neue Bundesländer";"2006";"August";1430600;16,7;18,6;60919;9451;1010
"Neue Bundesländer";"2006";"September";1402454;16,4;18,3;62310;8437;861
"Neue Bundesländer";"2006";"October";1346118;15,8;17,5;62175;6555;701
"Neue Bundesländer";"2006";"November";1323194;15,5;17,2;61576;5923;675
"Neue Bundesländer";"2006";"December";1337697;15,7;17,4;58413;13546;1819
"Neue Bundesländer";"2007";"January";1446490;16,9;18,8;58984;33337;4370
"Neue Bundesländer";"2007";"February";1441562;16,9;18,8;62879;40793;5327
"Neue Bundesländer";"2007";"March";1408760;16,5;18,4;65322;39748;5309
"Neue Bundesländer";"2007";"April";1358601;15,9;17,7;64949;10008;1246
"Neue Bundesländer";"2007";"May";1303137;15,2;16,9;64065;9739;1121
"Neue Bundesländer";"2007";"June";1254757;14,6;16,3;65286;9803;1105
"Neue Bundesländer";"2007";"July";1260086;14,7;16,3;63217;8072;1015
"Neue Bundesländer";"2007";"August";1256838;14,6;16,3;62486;6900;890
"Neue Bundesländer";"2007";"September";1204291;14;15,6;60476;6204;784
"Neue Bundesländer";"2007";"October";1164482;13,6;15,1;58059;6031;747
"Neue Bundesländer";"2007";"November";1149846;13,4;14,9;56065;6506;777
"Neue Bundesländer";"2007";"December";1171841;13,6;15,2;50475;19825;2981
"Neue Bundesländer";"2008";"January";1272298;14,8;16,5;47462;36864;5281
"Neue Bundesländer";"2008";"February";1265939;14,7;16,4;51392;42132;6050
"Neue Bundesländer";"2008";"March";1232043;14,3;16;54675;41959;5923
"Neue Bundesländer";"2008";"April";1194131;13,9;15,5;55201;12339;1441
"Neue Bundesländer";"2008";"May";1140083;13,4;14,9;54726;10429;1202
"Neue Bundesländer";"2008";"June";1083612;12,7;14,2;57775;9972;1135
"Neue Bundesländer";"2008";"July";1087130;12,8;14,2;57133;7914;1024
"Neue Bundesländer";"2008";"August";1084182;12,7;14,2;56801;6910;927
"Neue Bundesländer";"2008";"September";1036679;12,2;13,6;56570;7922;852
"Neue Bundesländer";"2008";"October";1004560;11,8;13,2;54950;12062;893
"Neue Bundesländer";"2008";"November";1000846;11,7;13,1;52356;20186;1167
"Neue Bundesländer";"2008";"December";1040600;12,2;13,6;48080;47782;4235
"Neue Bundesländer";"2009";"January";1179530;13,8;15,5;44884;110115;8653
"Neue Bundesländer";"2009";"February";1201154;14,1;15,7;49603;162027;11759
"Neue Bundesländer";"2009";"March";1204003;14,1;15,8;52273;186033;13725
"Neue Bundesländer";"2009";"April";1182461;13,9;15,5;51702;172185;10472
"Neue Bundesländer";"2009";"May";1121604;13,2;14,8;50814;174183;11251
"Neue Bundesländer";"2009";"June";1089250;12,9;14,4;50063;170820;12200
"Neue Bundesländer";"2009";"July";1091969;12,9;14,4;49450;154312;12187
"Neue Bundesländer";"2009";"August";1079942;12,7;14,2;49507;148717;12001
"Neue Bundesländer";"2009";"September";1037954;12,3;13,7;49570;141851;11951
"Neue Bundesländer";"2009";"October";997928;11,8;13,2;48664;139924;11885
"Neue Bundesländer";"2009";"November";997899;11,8;13,2;48215;125457;12138
"Neue Bundesländer";"2009";"December";1025628;12,1;13,5;46650;136056;14636
"Neue Bundesländer";"2010";"January";1146338;13,5;15,1;46031;177268;19508
"Neue Bundesländer";"2010";"February";1159665;13,7;15,3;51095;183203;21422
"Neue Bundesländer";"2010";"March";1138403;13,4;15;57259;160003;20163
"Neue Bundesländer";"2010";"April";1075676;12,7;14,2;59189;100811;13017
"Neue Bundesländer";"2010";"May";1016404;12;13,4;60765;82977;11626
"Neue Bundesländer";"2010";"June";976534;11,6;12,9;61651;71104;10531
"Neue Bundesländer";"2010";"July";981903;11,6;13;62918;55760;9156
"Neue Bundesländer";"2010";"August";968316;11,5;12,8;62036;48970;8636
"Neue Bundesländer";"2010";"September";926533;11;12,3;62530;45221;8073
"Neue Bundesländer";"2010";"October";900876;10,7;11,9;62376;41880;7438
"Neue Bundesländer";"2010";"November";900585;10,7;11,9;62290;42674;7375
"Neue Bundesländer";"2010";"December";946665;11,2;12,5;59008;70162;10893
"Neue Bundesländer";"2011";"January";1074777;12,7;14,2;59465;87417;12667
"Neue Bundesländer";"2011";"February";1074947;12,7;14,2;68478;83495;12577
"Neue Bundesländer";"2011";"March";1043176;12,4;13,8;72788;68699;11040
"Neue Bundesländer";"2011";"April";992721;11,8;13,1;74294;31400;5539
"Neue Bundesländer";"2011";"May";948674;11,3;12,6;73808;27264;4568
"Neue Bundesländer";"2011";"June";921836;10,9;12,2;75558;23741;3773
"Neue Bundesländer";"2011";"July";929356;11;12,3;77679;15589;3037
"Neue Bundesländer";"2011";"August";920379;10,9;12,2;79625;15036;2637
"Neue Bundesländer";"2011";"September";877354;10,4;11,6;80286;16669;2396
"Neue Bundesländer";"2011";"October";860675;10,2;11,4;80321;16839;2142
"Neue Bundesländer";"2011";"November";862165;10,2;11,4;80704;19464;2169
"Neue Bundesländer";"2011";"December";893251;10,6;11,8;76275;49968;5889
"Neue Bundesländer";"2012";"January";999340;11,9;13,3;76259;91597;10140
"Neue Bundesländer";"2012";"February";1005956;11,9;13,3;82214;109968;12323
"Neue Bundesländer";"2012";"March";976889;11,6;13;86203;67568;8533
"Neue Bundesländer";"2012";"April";939524;11,2;12,5;88897;20161;1684
"Neue Bundesländer";"2012";"May";891127;10,6;11,8;88108;16075;1365
"Neue Bundesländer";"2012";"June";862947;10,3;11,5;87153;13819;1215
"Neue Bundesländer";"2012";"July";870148;10,3;11,6;86963;12595;1063
"Neue Bundesländer";"2012";"August";869191;10,3;11,5;85524;11490;930
"Neue Bundesländer";"2012";"September";835480;9,9;11,1;84614;13709;898
"Neue Bundesländer";"2012";"October";824052;9,8;10,9;81238;17185;919
"Neue Bundesländer";"2012";"November";825890;9,8;11;81142;19536;1025
"Neue Bundesländer";"2012";"December";865961;10,3;11,5;75826;88630;7448
"Neue Bundesländer";"2013";"January";966607;11,5;12,8;76194;124623;11097
"Neue Bundesländer";"2013";"February";967753;11,5;12,9;82190;113762;11816
"Neue Bundesländer";"2013";"March";947244;11,3;12,6;85761;113935;12303
"Neue Bundesländer";"2013";"April";912487;10,8;12,1;85561;25149;2078
"Neue Bundesländer";"2013";"May";869246;10,3;11,5;84285;19891;1470
"Neue Bundesländer";"2013";"June";835979;9,9;11,1;84470;27951;2981
"Neue Bundesländer";"2013";"July";837704;9,9;11,1;86660;17761;1787
"Neue Bundesländer";"2013";"August";838770;9,9;11,1;87751;15827;1459
"Neue Bundesländer";"2013";"September";811608;9,6;10,8;88288;15776;1202
"Neue Bundesländer";"2013";"October";802895;9,5;10,7;88481;17178;1076
"Neue Bundesländer";"2013";"November";810123;9,6;10,8;86658;14018;1041
"Neue Bundesländer";"2013";"December";839528;9,9;11,1;83313;44058;4872
"Neue Bundesländer";"2014";"January";928428;11;12,3;81112;84470;9612
"Neue Bundesländer";"2014";"February";927706;11;12,3;88184;104355;9234
"Neue Bundesländer";"2014";"March";895178;10,6;11,9;94186;49883;6798
"Neue Bundesländer";"2014";"April";849656;10;11,3;95049;14405;1186
"Neue Bundesländer";"2014";"May";821006;9,7;10,9;93865;12811;1018
"Neue Bundesländer";"2014";"June";798746;9,5;10,6;96672;10948;892
"Neue Bundesländer";"2014";"July";795775;9,4;10,6;96909;8960;805
"Neue Bundesländer";"2014";"August";797022;9,4;10,6;98440;8350;732
"Neue Bundesländer";"2014";"September";770628;9,1;10,3;98312;8453;718
"Neue Bundesländer";"2014";"October";758370;9;10,1;97101;9004;707
"Neue Bundesländer";"2014";"November";760053;9;10,1;98073;9427;754
"Neue Bundesländer";"2014";"December";783448;9,3;10,4;95378;40847;5335
"Neue Bundesländer";"2015";"January";871146;10,3;11,6;94245;70329;9055
"Neue Bundesländer";"2015";"February";864030;10,2;11,5;101086;77077;9778
"Neue Bundesländer";"2015";"March";834241;9,9;11,1;105698;59590;8312
"Neue Bundesländer";"2015";"April";798957;9,5;10,6;106059;11400;1048
"Neue Bundesländer";"2015";"May";766572;9,1;10,2;106656;9177;891
"Neue Bundesländer";"2015";"June";742429;8,8;9,9;109084;9844;857
"Neue Bundesländer";"2015";"July";754127;9;10;111636;7401;745
"Neue Bundesländer";"2015";"August";753543;9;10;113477;5861;620
"Neue Bundesländer";"2015";"September";729464;8,7;9,7;114581;8669;590
"Neue Bundesländer";"2015";"October";719399;8,6;9,6;119372;10177;626
"Neue Bundesländer";"2015";"November";717411;8,5;9,5;118536;10128;691
"Neue Bundesländer";"2015";"December";738619;8,8;9,8;115202;35434;4634
"Neue Bundesländer";"2016";"January";808966;9,6;10,7;114949;78963;10125
"Neue Bundesländer";"2016";"February";803719;9,6;10,7;121909;74838;9589
"Neue Bundesländer";"2016";"March";779617;9,3;10,4;126239;58967;8000
"Neue Bundesländer";"2016";"April";739726;8,8;9,8;127028;11842;871
"Neue Bundesländer";"2016";"May";709149;8,4;9,4;127909;10744;697
"Neue Bundesländer";"2016";"June";686460;8,2;9,1;129306;9650;636
"Neue Bundesländer";"2016";"July";690495;8,2;9,2;128914;6089;508
"Neue Bundesländer";"2016";"August";686649;8,2;9,1;131966;9633;526
"Neue Bundesländer";"2016";"September";665532;7,9;8,8;131326;9139;498
"Neue Bundesländer";"2016";"October";651530;7,7;8,6;131046;9346;472
"Neue Bundesländer";"2016";"November";654527;7,8;8,7;129294;9569;526
"Neue Bundesländer";"2016";"December";671263;8;8,9;127465;39195;5657
"Neue Bundesländer";"2017";"January";729654;8,7;9,7;125795;"...";"..."
"Neue Bundesländer";"2017";"February";722699;8,6;9,6;131770;"...";"..."
"Neue Bundesländer";"2017";"March";688026;8,2;9,1;135065;"...";"..."
"Neue Bundesländer";"2017";"April";651985;7,7;8,6;136467;"...";"..."
"Neue Bundesländer";"2017";"May";626624;7,4;8,3;136620;"...";"..."
"Neue Bundesländer";"2017";"June";615512;7,3;8,1;138400;"...";"..."
"Neue Bundesländer";"2017";"July";620612;7,4;8,2;140697;"...";"..."
"Neue Bundesländer";"2017";"August";"...";"...";"...";"...";"...";"..."
"Neue Bundesländer";"2017";"September";"...";"...";"...";"...";"...";"..."
"Neue Bundesländer";"2017";"October";"...";"...";"...";"...";"...";"..."
"Neue Bundesländer";"2017";"November";"...";"...";"...";"...";"...";"..."
"Neue Bundesländer";"2017";"December";"...";"...";"...";"...";"...";"..."
